,Company,News_Type,Article_Title,Source,Date,Content
0,FakeCorp,Company News,FakeCorp Launches Revolutionary Product,Tech Insider,01 March 2025,FakeCorp has unveiled a revolutionary product designed to disrupt the industry and set new market standards in technology.
1,FakeCorp,Competitor & Customer News,No news updates this week,,,
2,EcoTech,Company News,EcoTech Secures $2B in Funding,Financial Times,28 February 2025,EcoTech has secured $2 billion in funding to expand its renewable energy solutions and enhance its global presence in sustainable technology.
3,EcoTech,Competitor & Customer News,No news updates this week,,,
4,GreenWave,Company News,GreenWave Expands into European Markets,Bloomberg,27 February 2025,"GreenWave has announced its expansion into several key European markets, aiming to boost its sustainable technology portfolio."
5,GreenWave,Competitor & Customer News,Major Partnership Announced with Global Firm,Reuters,27 February 2025,GreenWave has formed a major partnership with a global firm to accelerate the deployment of sustainable technologies across multiple markets.
6,FutureTech,Company News,FutureTech Unveils AI-Powered Solutions,Wired,26 February 2025,FutureTech has introduced a new suite of AI-powered solutions designed to streamline operations and improve customer experiences.
7,FutureTech,Competitor & Customer News,"Market Challenges Ahead, Analysts Warn",Reuters,26 February 2025,Analysts warn that rising market challenges and global competition could impact FutureTech's growth prospects in the coming quarters.
8,Innova Solutions,Company News,Innova Solutions Merges with TechDynamics,Forbes,02 March 2025,Innova Solutions has merged with TechDynamics in a move aimed at consolidating their positions in the tech industry and fostering innovation.
9,Innova Solutions,Competitor & Customer News,No news updates this week,,,
10,Solaris Energy,Company News,Solaris Energy Introduces New Solar Panels,Energy Today,01 March 2025,Solaris Energy has introduced a new range of solar panels that promise increased efficiency and longer durability for residential and commercial installations.
11,Solaris Energy,Competitor & Customer News,Industry Leaders Meet at Annual Summit,CNBC,28 February 2025,"Industry leaders, including Solaris Energy executives, met at the annual summit to discuss new trends and challenges in the renewable energy sector."
12,CyberNetix,Company News,CyberNetix Enhances Cybersecurity Platform,ZDNet,02 March 2025,"CyberNetix has rolled out major enhancements to its cybersecurity platform, aimed at providing better protection against emerging threats in the digital landscape."
13,CyberNetix,Competitor & Customer News,No news updates this week,,,
